{
  "jackpot.diggers": {
    "sounds": [
      {
        "name": "diggers",
        "stream": false,
        "volume": 2.0,
        "pitch": 1
      }
    ]
  },
  "jackpot.bass": {
    "sounds": [
      {
        "name": "bass",
        "stream": false,
        "volume": 2.0,
        "pitch": 1
      }
    ]
  },
  "jackpot.firedepartment": {
    "sounds": [
      {
        "name": "firedepartment",
        "stream": false,
        "volume": 2.0,
        "pitch": 1
      }
    ]
  },
  "jackpot.haha": {
    "sounds": [
      {
        "name": "haha",
        "stream": false,
        "volume": 2.0,
        "pitch": 1
      }
    ]
  },
  "jackpot.hellnah": {
    "sounds": [
      {
        "name": "hellnah",
        "stream": false,
        "volume": 2.0,
        "pitch": 1
      }
    ]
  },
  "samus.bard_strum": {
    "category": "master",
    "sounds": [
      "jackpot:rpg_pets/sounds/bard_strum"
    ]
  },
  "samus.earth_armor": {
    "category": "master",
    "sounds": [
      "jackpot:rpg_pets/sounds/earth_armor"
    ]
  },
  "samus.fire_chain": {
    "category": "master",
    "sounds": [
      "jackpot:rpg_pets/sounds/fire_chain"
    ]
  },
  "samus.lightning_chain": {
    "category": "master",
    "sounds": [
      "jackpot:rpg_pets/sounds/lightning_chain"
    ]
  },
  "samus.shadow_pool": {
    "category": "master",
    "sounds": [
      "jackpot:rpg_pets/sounds/shadow_pool"
    ]
  },
  "samus.spiritual_blade_shoot": {
    "category": "master",
    "sounds": [
      "jackpot:rpg_pets/spiritual_blade_shoot"
    ]
  }
}