{
    "parent": "item/generated",
    "textures": {
        "layer0": "item/brick"
    },
	"overrides": [	
    {"predicate": {"custom_model_data":3550}, "model": "jackpot:rpg_pets/icon_alchemist"},
		{"predicate": {"custom_model_data":3551}, "model": "jackpot:rpg_pets/icon_archer"},
		{"predicate": {"custom_model_data":3552}, "model": "jackpot:rpg_pets/icon_archmage"},
		{"predicate": {"custom_model_data":3553}, "model": "jackpot:rpg_pets/icon_bard"},
		{"predicate": {"custom_model_data":3554}, "model": "jackpot:rpg_pets/icon_beastmaster"},
		{"predicate": {"custom_model_data":3555}, "model": "jackpot:rpg_pets/icon_cleric"},
		{"predicate": {"custom_model_data":3556}, "model": "jackpot:rpg_pets/icon_druid"},
		{"predicate": {"custom_model_data":3557}, "model": "jackpot:rpg_pets/icon_elementalist"},
		{"predicate": {"custom_model_data":3558}, "model": "jackpot:rpg_pets/icon_gunner"},
		{"predicate": {"custom_model_data":3559}, "model": "jackpot:rpg_pets/icon_illusionist"},
		{"predicate": {"custom_model_data":3560}, "model": "jackpot:rpg_pets/icon_mage"},
		{"predicate": {"custom_model_data":3561}, "model": "jackpot:rpg_pets/icon_monk"},
		{"predicate": {"custom_model_data":3562}, "model": "jackpot:rpg_pets/icon_necromancer"},
		{"predicate": {"custom_model_data":3563}, "model": "jackpot:rpg_pets/icon_shadowmancer"},
		{"predicate": {"custom_model_data":3564}, "model": "jackpot:rpg_pets/icon_shaman"},
		{"predicate": {"custom_model_data":3565}, "model": "jackpot:rpg_pets/icon_summoner"},
    ]
}