{"parent":"minecraft:item/generated","textures":{"layer0":"minecraft:item/coal"},
"overrides":[
  {"predicate":{"custom_model_data":10001},"model":"minecraft:item/coal"},
  {"predicate": {"custom_model_data":5622}, "model": "jackpot:rpg_pets/fx_arrow_archer"},
  {"predicate": {"custom_model_data":5623}, "model": "jackpot:rpg_pets/fx_arrow_beastmaster"},
  {"predicate": {"custom_model_data":5624}, "model": "jackpot:rpg_pets/fx_beam_1"},
  {"predicate": {"custom_model_data":5625}, "model": "jackpot:rpg_pets/fx_beam_2"},
  {"predicate": {"custom_model_data":5626}, "model": "jackpot:rpg_pets/fx_potion"},
  {"predicate": {"custom_model_data":5627}, "model": "jackpot:rpg_pets/fx_shadow_pool"},
  {"predicate":{"custom_model_data":35004},"model":"minecraft:item/coal"},
  {"predicate":{"custom_model_data":35005},"model":"item/coal"}]}