{
  "parent": "item/generated",
  "textures": {
    "layer0": "item/gold_nugget"
  },
  "overrides": [
    {
      "predicate": {
        "custom_model_data": 1000
      },
      "model": "item/spelleffects/volcano"
    },
    {
      "predicate": {
        "custom_model_data": 1001
      },
      "model": "item/spelleffects/boulder"
    },
    {
      "predicate": {
        "custom_model_data": 2005
      },
      "model": "item/armor/crown_of_undeath"
    },
    {
      "predicate": {
        "custom_model_data": 2006
      },
      "model": "item/armor/crown_of_undeath_2"
    },
    {
      "predicate": {
        "custom_model_data": 2007
      },
      "model": "jackpot:lootbox/lootbox_black"
    },
    {
      "predicate": {
        "custom_model_data": 2008
      },
      "model": "jackpot:lootbox/lootbox_blue"
    },
    {
      "predicate": {
        "custom_model_data": 2009
      },
      "model": "jackpot:lootbox/lootbox_green"
    },
    {
      "predicate": {
        "custom_model_data": 2010
      },
      "model": "jackpot:lootbox/lootbox_orange"
    },
    {
      "predicate": {
        "custom_model_data": 2011
      },
      "model": "jackpot:lootbox/lootbox_red"
    },
    {
      "predicate": {
        "custom_model_data": 2012
      },
      "model": "jackpot:lootbox/lootbox_yellow"
    },
    {
      "predicate": {
        "custom_model_data": 2013
      },
      "model": "jackpot:taloc/armor/taloc_helmet"
    }
  ]
}