{"parent":"minecraft:item/handheld","textures":{"layer0":"minecraft:item/iron_axe"},
"overrides":[
  {"predicate":{"custom_model_data":10000},"model":"jackpot:nebula/nebula_arcanum"},
  {"predicate":{"custom_model_data":10000},"model":"jackpot:nebula/nebula_arcanum"},
  {"predicate":{"custom_model_data":10001},"model":"jackpot:nebula/nebula_axe"},
  {"predicate":{"custom_model_data":10001},"model":"jackpot:nebula/nebula_axe"},
  {"predicate":{"custom_model_data":10002},"model":"jackpot:nebula/nebula_axe"},
  {"predicate":{"custom_model_data":10002},"model":"jackpot:nebula/nebula_axe"},
  {"predicate":{"custom_model_data":10003},"model":"minecraft:item/iron_axe"},
  {"predicate":{"custom_model_data":10004},"model":"item/iron_axe"}]}