{
  "parent": "item/generated",
  "textures": {
    "layer0": "item/leather_boots",
    "layer1": "item/leather_boots_overlay"
  },
  "overrides": [
    {
      "predicate": {
        "custom_model_data": 3
      },
      "model": "jackpot:archangel/archangel_boots"
    },
    {
      "predicate": {
        "custom_model_data": 2012
      },
      "model": "jackpot:taloc/spelleffects/colorable_laser"
    },
    {
      "predicate": {
        "custom_model_data": 10000
      },
      "model": "jackpot:hellswrath/hellswrath_boots"
    },
    {
      "predicate": {
        "custom_model_data": 10002
      },
      "model": "jackpot:warden/warden_boots"
    },
    {
      "predicate": {
        "custom_model_data": 10004
      },
      "model": "jackpot:santa/santa_boots"
    },
    {
      "predicate": {
        "custom_model_data": 10007
      },
      "model": "jackpot:stpatricksset/st_patricks_boots"
    },
    {
      "predicate": {
        "custom_model_data": 10008
      },
      "model": "jackpot:halloween/spooky_boots"
    },
    {
      "predicate": {
        "custom_model_data": 10016
      },
      "model": "jackpot:ares/ares_boots"
    },
    { "predicate": {"custom_model_data": 10017}, "model": "jackpot:vehicles/helicopter/helicopter"},
		{ "predicate": {"custom_model_data": 10018}, "model": "jackpot:vehicles/helicopter/helicopter_rotor"}
  ]
}