{
  "parent": "item/generated",
  "textures": {
    "layer0": "item/leather_leggings",
    "layer1": "item/leather_leggings_overlay"
  },
  "overrides": [
    {
      "predicate": {
        "custom_model_data": 3
      },
      "model": "jackpot:archangel/archangel_leggings"
    },
    {
      "predicate": {
        "custom_model_data": 10000
      },
      "model": "jackpot:hellswrath/hellswrath_leggings"
    },
    {
      "predicate": {
        "custom_model_data": 10001
      },
      "model": "jackpot:auto_generated/amethyst_leggings"
    },
    {
      "predicate": {
        "custom_model_data": 10002
      },
      "model": "jackpot:warden/warden_leggings"
    },
    {
      "predicate": {
        "custom_model_data": 10003
      },
      "model": "jackpot:auto_generated/onyx_leggings"
    },
    {
      "predicate": {
        "custom_model_data": 10004
      },
      "model": "jackpot:santa/santa_leggings"
    },
    {
      "predicate": {
        "custom_model_data": 10005
      },
      "model": "jackpot:auto_generated/orax_leggings"
    },
    {
      "predicate": {
        "custom_model_data": 10006
      },
      "model": "jackpot:auto_generated/ruby_leggings"
    },
    {
      "predicate": {
        "custom_model_data": 10007
      },
      "model": "jackpot:stpatricksset/st_patricks_leggings"
    },
    {
      "predicate": {
        "custom_model_data": 10008
      },
      "model": "jackpot:halloween/spooky_leggings"
    },
    {
      "predicate": {
        "custom_model_data": 10016
      },
      "model": "jackpot:ares/ares_leggings"
    },
    {
      "predicate": {
        "custom_model_data": 10017
      },
      "model": "jackpot:vehicles/lightning_mcqueen/lightning_mcqueen"
    }
  ]
}