{
  "parent": "minecraft:item/handheld",
  "textures": {
    "layer0": "minecraft:item/netherite_pickaxe"
  },
  "overrides": [
    {
      "predicate": {
        "custom_model_data": 1
      },
      "model": "jackpot:warden/warden_pickaxe"
    },
    {
      "predicate": {
        "custom_model_data": 2
      },
      "model": "jackpot:tools/warden_pickaxe"
    },
    {
      "predicate": {
        "custom_model_data": 10000
      },
      "model": "jackpot:tools/drill"
    }
  ]
}