{
  "parent": "minecraft:item/handheld",
  "textures": {
    "layer0": "minecraft:item/netherite_sword"
  },
  "overrides": [
    {
      "predicate": {
        "custom_model_data": 1
      },
      "model": "jackpot:warden/warden_sword"
    },
    {
      "predicate": {
        "custom_model_data": 10000
      },
      "model": "jackpot:hellswrath/hellwrath_blade"
    },
    {
      "predicate": {
        "custom_model_data": 10001
      },
      "model": "jackpot:tools/bloodsword"
    },
    {
      "predicate": {
        "custom_model_data": 10002
      },
      "model": "jackpot:tools/frostbite"
    },
    {
      "predicate": {
        "custom_model_data": 10003
      },
      "model": "jackpot:tools/ivysword"
    },
    {
      "predicate": {
        "custom_model_data": 10004
      },
      "model": "jackpot:tools/lifestealsword"
    },
    {
      "predicate": {
        "custom_model_data": 10006
      },
      "model": "jackpot:tools/rainbowsword"
    },
    {
      "predicate": {
        "custom_model_data": 10007
      },
      "model": "jackpot:stpatricksset/st_patricks_staff"
    },
    {
      "predicate": {
        "custom_model_data": 10008
      },
      "model": "jackpot:halloween/chainsaw"
    }
  ]
}