{"parent":"minecraft:item/handheld","textures":{"layer0":"minecraft:item/stone_sword"},"overrides":[
  {"predicate":{"custom_model_data":1},"model":"jackpot:afterlife/archangel_spear"},
  {"predicate":{"custom_model_data":2},"model":"jackpot:afterlife/archangel_sword"},
  {"predicate":{"custom_model_data":3},"model":"jackpot:afterlife/archangel_spear"},
  {"predicate":{"custom_model_data":4},"model":"jackpot:afterlife/archangel_sword"},
  {"predicate":{"custom_model_data":5},"model":"jackpot:afterlife/archangel_wings"},
  {"predicate":{"custom_model_data":2005},"model":"item/weapons/spear_of_hades"},
  {"predicate":{"custom_model_data":35000},"model":"jackpot:santa/santa_staff"},
  {"predicate":{"custom_model_data":35000},"model":"jackpot:santa/santa_staff"},
  {"predicate":{"custom_model_data":35001},"model":"minecraft:item/stone_sword"},
  {"predicate": {"custom_model_data":2012}, "model": "jackpot:taloc/weapons/macuahuitl"},
  {"predicate":{"custom_model_data":35002},"model":"item/stone_sword"}]}