{
  "providers": [
  {
      "type": "bitmap",
      "file": "minecraft:rank/Redfoxdevil.png",
      "heigt": 9,
      "ascent": 8,
      "chars": [
              "维"
      ]
  },
  {
      "file": "minecraft:rank/staff.png",
      "chars": [
        "尺"
      ],
      "height": 9,
      "ascent": 8,
      "type": "bitmap"
  },
  {
    "file": "minecraft:rank/coronanetherite.png",
    "chars": [
      "乌"
    ],
    "height": 9,
    "ascent": 8,
    "type": "bitmap"
},
{
  "file": "minecraft:rank/admin.png",
  "chars": [
    "阿"
  ],
  "height": 9,
  "ascent": 8,
  "type": "bitmap"
},
{
  "file": "minecraft:rank/builder.png",
  "chars": [
    "杰"
  ],
  "height": 9,
  "ascent": 8,
  "type": "bitmap"
},
{
  "file": "minecraft:rank/keys.png",
  "chars": [
    "维"
  ],
  "height": 9,
  "ascent": 8,
  "type": "bitmap"
},
{
  "file": "minecraft:rank/player.png",
  "chars": [
    "░"
  ],
  "height": 9,
  "ascent": 8,
  "type": "bitmap"
},
{
  "file": "minecraft:rank/srmod.png",
  "chars": [
   "🐉"
  ],
  "height": 9,
  "ascent": 8,
  "type": "bitmap"
},
{
  "file": "minecraft:rank/supreame.png",
  "chars": [
    "ㄱ"
  ],
  "height": 9,
  "ascent": 8,
  "type": "bitmap"
},
{
  "file": "minecraft:rank/twitch.png",
  "chars": [
    "ㅑ"
  ],
  "height": 9,
  "ascent": 8,
  "type": "bitmap"
},
{
  "file": "minecraft:rank/Vip.png",
  "chars": [
    "ㅒ"
  ],
  "height": 9,
  "ascent": 8,
  "type": "bitmap"
},
{
  "file": "minecraft:rank/Vip+.png",
  "chars": [
    "🍪"
  ],
  "height": 9,
  "ascent": 8,
  "type": "bitmap"
},
{
  "file": "minecraft:rank/youtube.png",
  "chars": [
    "🍎"
  ],
  "height": 9,
  "ascent": 8,
  "type": "bitmap"
},
{
  "file": "minecraft:rank/owner.png",
  "chars": [
    "ㅆ"
  ],
  "height": 9,
  "ascent": 8,
  "type": "bitmap"
},
{
  "type": "bitmap",
  "file": "minecraft:emoji/twitch.png",
  "heigt": 9,
  "ascent": 8,
  "chars": [
          "™"
  ]
},
{
  "type": "bitmap",
  "file": "minecraft:emoji/figa.png",
  "heigt": 9,
  "ascent": 8,
  "chars": [
          "¶"
  ]
},{
  "type": "bitmap",
  "file": "minecraft:rank/helper.png",
  "heigt": 9,
  "ascent": 8,
  "chars": [
          "💚"
  ]
},
{
  "type": "bitmap",
  "file": "minecraft:rank/helper+.png",
  "heigt": 9,
  "ascent": 8,
  "chars": [
          "🟩"
  ]
},
{
  "type": "bitmap",
  "file": "minecraft:forbot/enderchest.png",
  "heigt": 9,
  "ascent": 8,
  "chars": [
          "😈"
  ]
},
{
  "type": "bitmap",
  "file": "minecraft:forbot/hub.png",
  "heigt": 9,
  "ascent": 8,
  "chars": [
          "😇"
  ]
},
{
  "type": "bitmap",
  "file": "minecraft:forbot/incantesimi.png",
  "heigt": 9,
  "ascent": 8,
  "chars": [
          "🎻"
  ]
},
{
  "type": "bitmap",
  "file": "minecraft:forbot/kitiniziale.png",
  "heigt": 9,
  "ascent": 8,
  "chars": [
          "🦗"
  ]
},
{
  "type": "bitmap",
  "file": "minecraft:forbot/rtp.png",
  "heigt": 9,
  "ascent": 8,
  "chars": [
          "💋"
  ]
}
]                
}